title,company name,company location,url,skills
Fullstack Developer,Avendata Gmbh,Indore,https://www.naukri.com/job-listings-fullstack-developer-avendata-gmbh-indore-1-to-6-years-060524006143,"Fullstack Developer, Full Stack, Fullstack, Full stack developer, C#, Angularjs, Design Patterns, Data Structures"
Dot Net Fullstack Developer,Tata Consultancy Services (TCS),"Hyderabad, Chennai, Bengaluru",https://www.naukri.com/job-listings-dot-net-fullstack-developer-tata-consultancy-services-tcs-hyderabad-chennai-bengaluru-6-to-11-years-060524003776?src=directSearch&sid=17152353310224152&xp=3&px=1,"C#, .Net Core, .Net, ASP.Net MVC, React.Js, Angular, Core, MVC"
"Java Fullstack Developer with React Js - Chennai,Hyderabad,BLR,Pune",Cognizant,"Hybrid - Hyderabad, Bangalore Rural, Chennai",https://www.naukri.com/job-listings-java-fullstack-developer-with-react-js-chennai-hyderabad-blr-pune-cognizant-hyderabad-bangalore-rural-chennai-9-to-14-years-080524005041,"java, reactjs, springboot, microservices, Javascript, Full Stack, Development, React.js"
Dot Net Fullstack Developer,Hexaware Technologies,"Pune, Chennai, Bengaluru",https://www.naukri.com/job-listings-dot-net-fullstack-developer-hexaware-technologies-pune-chennai-bengaluru-6-to-11-years-270324006464,".Net Core, C#, Entity, Web Api, Javascript, Asp.Net Core, Full Stack, MVC"
Dot Net Fullstack Developer,Tata Consultancy Services (TCS),"Hyderabad, Bangalore Rural, Chennai",https://www.naukri.com/job-listings-dot-net-fullstack-developer-tata-consultancy-services-tcs-hyderabad-bangalore-rural-chennai-4-to-8-years-220424004462,"C#, Mvc Web Api, .Net, ASP.Net, Angular, Full Stack, Web technologies, API"
"Developer - Full Stack/Angular, FullStack / React",Damco Solutions,"Noida, Faridabad",https://www.naukri.com/job-listings-developer-full-stack-angular-fullstack-react-damco-solutions-p-ltd-noida-faridabad-5-to-7-years-080524911949,"software development, Web API, Azure, LINQ, ORM, REST API, GIT, CI/CD"
Dot Net Fullstack Developer,Collabera,"Chennai, Bengaluru, Mumbai (All Areas)",https://www.naukri.com/job-listings-dot-net-fullstack-developer-collabera-technologies-chennai-bengaluru-mumbai-all-areas-4-to-9-years-300424004759,"asp.net, .Net Core, Web Api, Full Stack, Development, Core, Net Fullstack, API"
Dot Net Fullstack Developer,Infosys,"Hybrid - Hyderabad, Bengaluru",https://www.naukri.com/job-listings-dot-net-fullstack-developer-infosys-hyderabad-bengaluru-6-to-9-years-060224008325,"Dot Net Full Stack, .Net, React.Js, ASP.Net MVC, Stack, Full Stack, ASP.Net, Development"
Dot Net Fullstack Developer,MothersonSumi INfotech & Designs (MIND),Hybrid - Bangalore Rural,https://www.naukri.com/job-listings-dot-net-fullstack-developer-mothersonsumi-infotech-designs-mind-bangalore-rural-4-to-8-years-030524010162,"Angular above 12 version, Dotnet Development, .NET Core, MSTest Design Patterns and SOLID Principles, Net Fullstack, Mstest, Solid, Angular"
ASP.NET Fullstack Lead Developer,Mclaren Strategic Ventures India,"Kolkata, Mumbai, New Delhi, Hyderabad, Pune, Chennai, Bengaluru",https://www.naukri.com/job-listings-asp-net-fullstack-lead-developer-mclaren-strategic-solutions-mss-kolkata-mumbai-new-delhi-hyderabad-pune-chennai-bengaluru-8-to-9-years-220124501744,"IT services, Supply chain, Manager Quality Assurance, Coding, Healthcare, Application development, Selenium, Analytics"
Dot Net Fullstack Developer,Tata Consultancy Services (TCS),Bengaluru,https://www.naukri.com/job-listings-dot-net-fullstack-developer-tata-consultancy-services-tcs-bengaluru-4-to-9-years-060524000004,"Dotnet Development, Fullstack Development, .Net, C#, Web Api, SQL Server, JQuery, Nextgen"
Dot Net Fullstack Developer,Coders Brain Pvt Ltd,"Kolkata, Mumbai, New Delhi, Hyderabad, Pune, Chennai, Bengaluru",https://www.naukri.com/job-listings-dot-net-fullstack-developer-coders-brain-pvt-ltd-kolkata-mumbai-new-delhi-hyderabad-pune-chennai-bengaluru-6-to-12-years-180923501710,"Automation, Version control, GIT, RF, Powershell, MVC, Business solutions, Distribution system"
Java Fullstack Developer,Tata Consultancy Services (TCS),"Bengaluru, Mumbai (All Areas)",https://www.naukri.com/job-listings-java-fullstack-developer-tata-consultancy-services-tcs-bengaluru-mumbai-all-areas-4-to-9-years-090524004571,"Angular, SQL, CSS, Hibernate, Linux, Design Patterns, XML, HTML"
Dot Net Fullstack Developer,Ltimindtree,"Hybrid - Mumbai, Chennai, Bengaluru",https://www.naukri.com/job-listings-dot-net-fullstack-developer-ltimindtree-mumbai-chennai-bengaluru-5-to-10-years-080524004863,"Dot net, dot net core, Angular, .Net Core, Net Mvc, react, Core, MVC"
"Fullstack Developer-Nodejs/Python,React,,HTML,CSS-3+yrs-Bangalore Loc",IBM,Bengaluru,https://www.naukri.com/job-listings-fullstack-developer-nodejs-python-react-html-css-3-yrs-bangalore-loc-ibm-india-pvt-limited-bengaluru-3-to-8-years-060524902152,"jquery, react.js, xml, mongodb, node.js, kubernetes, css, redhat openshift"
Fullstack Software Developer,Collabera,"Pune, Chennai, Bengaluru",https://www.naukri.com/job-listings-fullstack-software-developer-collabera-technologies-pune-chennai-bengaluru-5-to-8-years-250424008851,"AWS Lambda, Typescript, React Js, Software development, React.js, Javascript, Software, Lambda Expressions"
Python Fullstack Developer,Hexaware Technologies,"Hybrid - Pune, Chennai, Bengaluru",https://www.naukri.com/job-listings-python-fullstack-developer-hexaware-technologies-pune-chennai-bengaluru-5-to-10-years-050524001480,"Python, Aws Lambda, Django, Pandas, Tornado, FastAPI, Rest API, Numpy"
Java Fullstack Developer - Java React - 5 - 14Y - Can Apply,Cognizant,"Hybrid - Hyderabad, Bangalore Rural, Chennai",https://www.naukri.com/job-listings-java-fullstack-developer-java-react-5-14y-can-apply-cognizant-hyderabad-bangalore-rural-chennai-5-to-10-years-170324002488,"Java, ReactJS, Springboot, Full Stack, Development, React.js, Application, Can Bus"
.Net Fullstack Developer,Acuity Knowledge Partners,Hybrid - Bengaluru,https://www.naukri.com/job-listings-net-fullstack-developer-acuity-knowledge-partners-bengaluru-1-to-5-years-090524005876,".Net Core, Unit Testing, React.Js, SQL, Rest Api Services, UNIT, Full Stack, Development"
Dot Net Fullstack Developer,HTC Global Services,Hybrid - Bangalore Rural,https://www.naukri.com/job-listings-dot-net-fullstack-developer-htc-global-services-bangalore-rural-4-to-7-years-100424010897,".Net Core, Web Api, Angular 13, SQL, Web technologies, Development, Full Stack, API"
Java FullStack Developer,Tata Consultancy Services (TCS),"Hyderabad/ Secunderabad, Chennai, Bengaluru",https://www.naukri.com/job-listings-java-fullstack-developer-tata-consultancy-services-tcs-hyderabad-secunderabad-chennai-bengaluru-4-to-9-years-051023007904,"Java Spring Boot, Microservices, Spring Boot, Node.Js, Java Fullstack, React.Js, Full Stack, Java"
.Net Fullstack,Hcapital Technologies Private Limited,Full time,https://www.foundit.in/srp/results?query=fullstack&locations=india,Dotnet Core  .Net Fullstack .NET  C#  Dotnet  ASP.NET  Angular  react.js   Azure  AWS
Dotnet Fullstack Developer,Movate,Full time,https://www.foundit.in/srp/results?query=fullstack&locations=india,C#  Web Api  .Net Core  CSS  .NET  Mssql  HTML  Angular  Ado.net  Git  Node Js  Entity Framework  ASP.NET  Mvc  Azure Cloud Services  JQUERY  Python
"Lead Consultant, Fullstack Developer",Genpact,Full time,https://www.foundit.in/srp/results?query=fullstack&locations=india,Azure API management  Fraud applications  CI/CD  Azure Development Java  Spring Boot  Node.js  Kubernetes  Devops  Oauth  agile
Manager_Lead_Sr.Fullstack Developer_Pune,Vodafone,Full time,https://www.foundit.in/srp/results?query=fullstack&locations=india,Demand Management  It Strategy  Development  architects   concept  stakeholders  Technology  programme logic  technical testing  project team  products  Solution Designers  Vendors  change requests   Communication Skills Solution Design  Applications
AVP - Fullstack Developer,Deutsche Bank,Full time,https://www.foundit.in/srp/results?query=fullstack&locations=india,Java Spring Boot  Statistics  Kanban  Business Intelligence Public Cloud  Scrum  Itil  Python  Angular  Etl
Technical Lead Fullstack.Net,Citiustech Healthcare Technology Private Limited,Full time,https://www.foundit.in/srp/results?query=fullstack&locations=india,.NET  .Net Core  Angular  Microservices
Asso PE DOTNET-FULLSTACK REF23110B GGN (Job Code : J47820),Sampoorna Consultants Private Limited,Full time,https://www.foundit.in/srp/results?query=fullstack&locations=india,Architect .Net Core  Gcp  React  Soa  Docker  Kubernetes  Sql
Senior FullStack Developer,CGI,Full time,https://www.foundit.in/srp/results?query=fullstack&locations=india,Git  Docker  Typescript  No Sql  Scss  Jasmine  Angular Js  HTML  Kubernetes  Sql
Manager_Lead_Sr. Fullstack Developer_Node.js_Pune_6 yrs,Vodafone,Full time,https://www.foundit.in/srp/results?query=fullstack&locations=india,Demand Management  It Strategy  Development  architects   concept  stakeholders  Technology  programme logic  technical testing  project team  products  Solution Designers  Vendors  change requests   Communication Skills Solution Design  Applications
Required Dotnet Fullstack Developers - Need Joining Within 1 Month,Anlage Infotech India Private Limited,Full time,https://www.foundit.in/srp/results?query=fullstack&locations=india,.NET  Angular  C#
Fullstack Developer,Company name confidential,"Work From Home, Full time",https://www.foundit.in/srp/results?query=fullstack&locations=india,Python  Java
Fullstack Java Developer,Deutsche Bank,Full time,https://www.foundit.in/srp/results?query=fullstack&locations=india,solace   CI/CD Java  Google Cloud Platform  Ibm Mq  Scala  Spring Boot  Kafka  Sql  Angular  Java 8  Jenkins  React  Javascript  Docker  MySQL  Openshift  Spring Core  Oracle  Azure  Kubernetes  AWS
Senior Consultant - Fullstack (Java & Angular),Oracle,Full time,https://www.foundit.in/srp/results?query=fullstack&locations=india,Java  Dom  Spring Boot  Json  J2EE  Sql  Angular  Spring  Javascript  Core Java  Sonarqube  AJAX
Senior Consultant - Fullstack (Java & Angular),Oracle,Full time,https://www.foundit.in/srp/results?query=fullstack&locations=india,Javascript  Core Java  Rest Api  J2EE  Json  Sql  Spring  AJAX
dotnet fullstack developer,Learning Candid India Private Limited,Full time,https://www.foundit.in/srp/results?query=fullstack&locations=india,.Netcore  Angular  Asp.Net  C#  Mvc  Ms Sql Server  Azure DevOps  Graphql  agile  Ci
Java  ( J2EE )  Developer,"New Global Technologies
     (More Jobs)","Bengaluru / Bangalore,  Delhi/NCR,  Hyderabad/Secunderabad,  Noida/Greater Noida,  Pune",https://www.timesjobs.com/job-detail/java-j2ee-developer-ngt-bengaluru-bangalore-delhi-ncr-hyderabad-secunderabad-noida-greater-noida-pune-0-to-3-yrs-jobid-79RvhLQS3TpzpSvf__PLUS__uAgZw==&source=srp,"Fullstack Developer  ,  Integration Server  ,  Developer  ,  software engineer  ,  associate software engineer  ,  associate consultant  ,  JAVA  ,  Sql  ,  c ++  ,  .net"
fullstack developer,"HAPPY SQUARE OUTSOURCING SERVICES PVT.LTD.
     (More Jobs)",Noida/Greater Noida,https://www.timesjobs.com/job-detail/fullstack-developer-white-force-outsourcing-pvt-ltd-noida-greater-noida-7-to-8-yrs-jobid-lTiD__PLUS__4YY6GtzpSvf__PLUS__uAgZw==&source=srp,"Azure Cloud Service  ,  React  ,  Python  ,  Python  ,  React  ,  Python  ,  UI"
Fullstack Developer,"HAPPY SQUARE OUTSOURCING SERVICES PVT.LTD.
     (More Jobs)",Noida/Greater Noida,https://www.timesjobs.com/job-detail/fullstack-developer-white-force-outsourcing-pvt-ltd-noida-greater-noida-2-to-3-yrs-jobid-zmdfVuB4Ey1zpSvf__PLUS__uAgZw==&source=srp,"Javascript  ,  Node.js  ,  Angular.js  /  Reactjs  ,  Typescript"
Fullstack Developer,"Laxmi Infotech
     (More Jobs)","Ahmedabad,  Delhi,  Gurgaon,  Kolkata,  Mumbai",https://www.timesjobs.com/job-detail/fullstack-developer-laxmi-infotech-ahmedabad-delhi-gurgaon-kolkata-mumbai-0-to-3-yrs-jobid-2dgePbemPGlzpSvf__PLUS__uAgZw==&source=srp,"fullstack  ,  java  ,  git  ,  agile  ,  eclipse  ,  sql  ,  c ++  ,  visual studio  ,  Sql Server  ,  Ms Sql Server  ,  Databases  ,  Html"
Full-stack developer,"Electrobrain modern technologies pvt ltd
     (More Jobs)","Ahmedabad,  Bengaluru / Bangalore,  Chennai,  Delhi,  Delhi/NCR",https://www.timesjobs.com/job-detail/full-stack-developer-electrobrain-modern-technologies-pvt-ltd-ahmedabad-bengaluru-bangalore-chennai-delhi-delhi-ncr-3-to-8-yrs-jobid-Mor6vgtlsSpzpSvf__PLUS__uAgZw==&source=srp,"Production support  ,  AutomotiveSQLPython  ,  AnalyticsMonitoring  ,  full-stack developer"
Net Fullstack - Angular with AWS,"LTIMindtree Ltd.
     (More Jobs)","Ahmedabad,  Bengaluru / Bangalore,  Chennai,  Delhi,  Kolkata",https://www.timesjobs.com/job-detail/net-fullstack-angular-with-aws-ltimindtree-ltd-ahmedabad-bengaluru-bangalore-chennai-delhi-kolkata-5-to-8-yrs-jobid-aDja9K2KtotzpSvf__PLUS__uAgZw==&source=srp,"Net Fullstack  ,  Angular   ,  AWS  ,  SQL  ,  Oracle  ,  PostgreSQL  ,  ASP.net  ,  AGILE  ,  SCRUM  ,  Lambda  ,  SQS  ,  MSK"
Java 11   React  (  Java Fullstack ),"Integrated Personnel Services Pvt. Ltd.
     (More Jobs)",,https://www.timesjobs.com/job-detail/java-11-react-java-fullstack-ipsg-4-to-6-yrs-jobid-p40Pt2WRh4NzpSvf__PLUS__uAgZw==&source=srp,"Java 11  ,  React.jsjava 11  ,  React.js"
"Full-Stack Developer , Senior Software Engineer","pooja consultant
     (More Jobs)","Calicut/ Kozhikode,  Cochin/ Kochi/ Ernakulam,  Chennai,  Coimbatore,  Madurai",https://www.timesjobs.com/job-detail/full-stack-developer-senior-software-engineer-pooja-consultant-calicut-kozhikode-cochin-kochi-ernakulam-chennai-coimbatore-madurai-3-to-8-yrs-jobid-Xaf9drQq295zpSvf__PLUS__uAgZw==&source=srp,"Manager  ,  branch manager"
Fullstack Developer,the modern dimension,"Delhi,  Delhi/NCR,  Bengaluru / Bangalore",https://www.timesjobs.com/job-detail/fullstack-developer-the-modern-dimension-delhi-delhi-ncr-bengaluru-bangalore-4-to-7-yrs-jobid-64I7JEh9zAlzpSvf__PLUS__uAgZw==&source=srp,"fundamentals  ,  algorithms  ,  css  ,  spring  ,  react.js  ,  java  ,  html  ,  data structures  ,  oojs  ,  oracle  ,  javascript  ,  nosql  ,  cassandra"
Fullstack Developer,technostacks infotech pvt. ltd.,Ahmedabad,https://www.timesjobs.com/job-detail/fullstack-developer-technostacks-infotech-pvt-ltd-ahmedabad-0-to-3-yrs-jobid-ycMCGtDZvXpzpSvf__PLUS__uAgZw==&source=srp,"css  ,  mobile  ,  javascript  ,  node.js  ,  html  ,  mysql  ,  angularjs  ,  mongodb"
Fullstack Developer,YuktaMedia LLP,Pune,https://www.timesjobs.com/job-detail/fullstack-developer-yuktamedia-llp-pune-2-to-3-yrs-jobid-jCIE2yeszt9zpSvf__PLUS__uAgZw==&source=srp,"rest  ,  css  ,  python  ,  html5  ,  ajax  ,  javascript  ,  jquery  ,  java  ,  html  ,  angularjs"
Fullstack Developer,cumulations technologies pvt ltd,Bengaluru / Bangalore,https://www.timesjobs.com/job-detail/fullstack-developer-cumulations-technologies-pvt-ltd-bengaluru-bangalore-2-to-3-yrs-jobid-07bPND2UpI1zpSvf__PLUS__uAgZw==&source=srp,"fundamentals  ,  python  ,  html5  ,  mobile  ,  javascript  ,  sql  ,  nosql  ,  django  ,  mysql  ,  mongodb"
FullStack Developer,College dunia web pvt ltd,Gurgaon,https://www.timesjobs.com/job-detail/fullstack-developer-college-dunia-web-pvt-ltd-gurgaon-1-to-5-yrs-jobid-Kqs36nEj1k9zpSvf__PLUS__uAgZw==&source=srp,"css  ,  database  ,  html  ,  mysql  ,  mongodb  ,  python  ,  javascript  ,  infrastructure"
Fullstack developer,danfoss india innovation center,,https://www.timesjobs.com/job-detail/fullstack-developer-danfoss-india-innovation-center-3-to-8-yrs-jobid-WwR1BuVaGwVzpSvf__PLUS__uAgZw==&source=srp,"full stack development   ,   react and next  ,  js   ,   restful services   ,   service oriented architecture   ,   azure devops   ,  fundamentals  ,  css  ,  software engineering  ,  html  ,  c#  ,  cloud services  ,  xamarin  ,  director  ,  javascript"
Fullstack Developers,identh consolidated,Kolkata,https://www.timesjobs.com/job-detail/fullstack-developers-identh-consolidated-kolkata-2-to-5-yrs-jobid-wVU6ODGNBuBzpSvf__PLUS__uAgZw==&source=srp,"python  ,  technical skills  ,  javascript"
Fullstack Developer,tesark technologies,Chennai,https://www.timesjobs.com/job-detail/fullstack-developer-tesark-technologies-chennai-0-to-3-yrs-jobid-__PLUS__DJs0Q4Apt9zpSvf__PLUS__uAgZw==&source=srp,"css  ,  authoring  ,  hosting  ,  jquery  ,  database  ,  git  ,  python  ,  mobile  ,  svn  ,  knockoutjs  ,  javascript  ,  ruby  ,  php  ,  angularjs"
Fullstack Developer,kongsberg digital software and services pvt ltd,Norway,https://www.timesjobs.com/job-detail/fullstack-developer-kongsberg-digital-software-and-services-pvt-ltd-norway-5-to-8-yrs-jobid-ByyW4apODLJzpSvf__PLUS__uAgZw==&source=srp,"c#  ,  orchestration  ,  storage  ,  sql  ,  docker  ,  asp.net  ,  .net"
Fullstack Developer,innovation incubator advisory,Thiruvananthapuram,https://www.timesjobs.com/job-detail/fullstack-developer-innovation-incubator-advisory-thiruvananthapuram-3-to-5-yrs-jobid-HG9U__SLASH__4Wi5HlzpSvf__PLUS__uAgZw==&source=srp,"git  ,  devops  ,  mysql  ,  api  ,  mongodb"
fullstack developer,BUSISOL SOURCING INDIA PVT. LTD,Chennai,https://www.timesjobs.com/job-detail/fullstack-developer-busisol-sourcing-india-pvt-ltd-chennai-6-to-9-yrs-jobid-HlB6wPXXjrRzpSvf__PLUS__uAgZw==&source=srp,"css  ,  software design  ,  ado.net  ,  bootstrap  ,  t-sql  ,  database  ,  git  ,  asp.net  ,  debugging  ,  web api  ,  html  ,  mvc  ,  c#  ,  rest  ,  entity framework  ,  javascript  ,  linq  ,  .net"
Fullstack Developers,identh consolidated,Kolkata,https://www.timesjobs.com/job-detail/fullstack-developers-identh-consolidated-kolkata-2-to-5-yrs-jobid-QKsOQmxM5yJzpSvf__PLUS__uAgZw==&source=srp,"python  ,  technical skills  ,  javascript"
Fullstack Developer,Tata Communications Ltd,Chennai,https://www.timesjobs.com/job-detail/fullstack-developer-tata-communications-ltd-chennai-7-to-10-yrs-jobid-vKAhM6iCNblzpSvf__PLUS__uAgZw==&source=srp,"java   ,   spring boot   ,   angular   ,   aws stack   ,   docker   ,  css  ,  orchestration  ,  devops  ,  mqtt  ,  mysql  ,  html  ,  api  ,  cache  ,  database  ,  security  ,  iam  ,  mongodb  ,  infrastructure  ,  gateway"
Fullstack Developer,kongsberg digital software and services pvt ltd,Norway,https://www.timesjobs.com/job-detail/fullstack-developer-kongsberg-digital-software-and-services-pvt-ltd-norway-5-to-8-yrs-jobid-sbaNC3cWLs5zpSvf__PLUS__uAgZw==&source=srp,"c#  ,  orchestration  ,  storage  ,  sql  ,  docker  ,  asp.net  ,  .net"
Fullstack Developer,tesark technologies,Chennai,https://www.timesjobs.com/job-detail/fullstack-developer-tesark-technologies-chennai-0-to-3-yrs-jobid-S0NgYeT5f__SLASH__ZzpSvf__PLUS__uAgZw==&source=srp,"css  ,  authoring  ,  hosting  ,  jquery  ,  database  ,  git  ,  python  ,  mobile  ,  svn  ,  knockoutjs  ,  javascript  ,  ruby  ,  php  ,  angularjs"
Fullstack Architect,PUBLICIS GROUPE,Bengaluru / Bangalore,https://www.timesjobs.com/job-detail/fullstack-architect-publicis-groupe-bengaluru-bangalore-4-to-7-yrs-jobid-y3zOnlxH9__SLASH__5zpSvf__PLUS__uAgZw==&source=srp,"css  ,  html5  ,  ajax  ,  apache  ,  devops  ,  api  ,  angularjs  ,  elastic search  ,  security  ,  debugging  ,  rdbms  ,  neo4j"
Fullstack Developer,destiny hr group services,Gurgaon,https://www.timesjobs.com/job-detail/fullstack-developer-destiny-hr-group-services-gurgaon-3-to-9-yrs-jobid-bfjJ8etVTaNzpSvf__PLUS__uAgZw==&source=srp,"algorithms  ,  css  ,  team player  ,  javascript  ,  jquery  ,  react.js  ,  node.js  ,  git  ,  oops  ,  html"
