ESW Application Engineer- Python Developer,Volvo Group,Bengaluru,https://www.naukri.com/job-listings-esw-application-engineer-python-developer-volvo-group-bengaluru-4-to-8-years-010424000110,"OOPS, Object Oriented Programming, Python, Jenkins, Ci/Cd, Python Development, Cd, Development"
Python (Programming Language)-Application Developer,Accenture,Mumbai,https://www.naukri.com/job-listings-python-programming-language-application-developer-accenture-solutions-pvt-ltd-mumbai-2-to-5-years-220424905987,"python, numpy, plsql, sql, mysql, oracle, data analysis, web services"
Python Software Developer,Tata Consultancy Services (TCS),"Kolkata, Pune, Bengaluru",https://www.naukri.com/job-listings-python-software-developer-tata-consultancy-services-tcs-kolkata-pune-bengaluru-4-to-8-years-250424006540,"Node.Js, MongoDB, Python, Development, Software, Software development"
Specialist Software Engineer - Python Developer,Societe Generale Global Solution Centre ,Bengaluru,https://www.naukri.com/job-listings-specialist-software-engineer-python-developer-societe-generale-global-solution-centre-bengaluru-3-to-6-years-260424500800,"Front end, Debugging, Machine learning, Javascript, HTML, Troubleshooting, Open source, Information technology"
Advanced Python Software Developer 2,Stim,Muscat,https://www.naukri.com/job-listings-advanced-python-software-developer-2-stim-muscat-0-to-4-years-180224000586,"Creative Skills, SQL, Pytest, Supper User of Python, Problem Solving Skills, Docker Swarm, Python Framework, Analytical Skills"
Python Developer/ Python Data Engineer,Futurlytic,Bengaluru,https://www.naukri.com/job-listings-python-developer-python-data-engineer-futurlytic-bengaluru-4-to-5-years-190424006727,"Airflow, Python Data Analytics, API, Regular Expressions, AWS, SQL, Data Engineering, Express"
"Application Developer - Apache Spark ,Google BigQuery, Python",Accenture,Bengaluru,https://www.naukri.com/job-listings-application-developer-apache-spark-google-bigquery-python-accenture-solutions-pvt-ltd-bengaluru-2-to-5-years-230424906829,"apache, spark, bigquery, python, google, css, design development, pyspark"
"Application Developer - Apache Spark ,Google BigQuery, Python, PySpark",Accenture,Bengaluru,https://www.naukri.com/job-listings-application-developer-apache-spark-google-bigquery-python-pyspark-accenture-solutions-pvt-ltd-bengaluru-2-to-5-years-220424908499,"apache, spark, bigquery, python, google, css, design development, pyspark"
Junior Software Developer - Python,Siemens,Chennai,https://www.naukri.com/job-listings-junior-software-developer-python-siemens-limited-chennai-3-to-5-years-250424500191,"Software design, Linux, Eclipse, Consulting, Agile, Scrum, Visual Studio, Unit testing"
Python Developer,Club Mahindra,Chennai,https://www.naukri.com/job-listings-python-developer-club-mahindra-chennai-3-to-5-years-180424006253,"Python, Data Engineering, Docker, Rest Api Development, linux, elt, Devops, API"
Python Developer Lead,Tata Consultancy Services (TCS),N/A,https://www.naukri.com/job-listings-python-developer-lead-tata-consultancy-services-tcs-hyderabad-4-to-9-years-270424004089,"Ai Solutions, Django, Aiml, Python Development, Artificial Intelligence, Python, Development"
Python Developer - Data Structure & Algorithm,Forward Eye Technologies,"Chennai, Delhi / NCR, Bengaluru",https://www.naukri.com/job-listings-python-developer-data-structure-algorithm-forward-eye-technologies-chennai-delhi-ncr-bengaluru-5-to-7-years-240424907154,"Python, REST API development, REST API, Data Algorithms, Docker, Data Structures, MySQL, Fast API"
Senior Python Developer,Roundglass,"Mohali, Punjab",https://www.naukri.com/job-listings-senior-python-developer-roundglass-mohali-punjab-4-to-9-years-071123008727,"Django, AWS, Python, cloud, Nosql, Mysql, Postgres, Python Development"
Python Developer - RESTful Webservices,Forward Eye Technologies,"Mumbai, Delhi / NCR, Bengaluru",https://www.naukri.com/job-listings-python-developer-restful-webservices-forward-eye-technology-mumbai-delhi-ncr-bengaluru-4-to-5-years-270424904259,"Python development, API development, OOPS, design patterns, Pandas, RESTful Webservices, Spark, Agile Development"
Python Software Developer,Onward Technologies,Pune(Baner),https://www.naukri.com/job-listings-python-software-developer-onward-technologies-pune-5-to-10-years-260424004915,"Instrumentation, Embedded Systems, Python, Django, Rest Api Services, Software development, Software, API"
Junior Python Developer,Hiring for a Product Firm,Remote,https://www.naukri.com/job-listings-junior-python-developer-wrtr-ink-llp-bengaluru-0-to-3-years-111223002434,"Python, Python Web Framework, SQL, Web Framework, Framework, Development, Web technologies"
Python Developer/Data Engineer,Annapurna Finance,Bhubaneswar,https://www.naukri.com/job-listings-python-developer-data-engineer-annapurna-finance-bhubaneswar-2-to-7-years-200424004152,"Machine Learning, Pandas, Numpy, Python, Python Development, Data, Development, Machine"
Python Developer / Data Analyst,Autocal,Hyderabad,https://www.naukri.com/job-listings-python-developer-data-analyst-bandgi-technologies-pvt-ltd-hyderabad-3-to-6-years-220424906613,"Data Analysis, NOSQL database, NLP, FLASK App, PostgreSQL, product development, MySQL, OpenAI"
Python Developer + Pandas + AWS,Globallogic,"Noida, Pune, Bengaluru",https://www.naukri.com/job-listings-python-developer-pandas-aws-globallogic-noida-pune-bengaluru-5-to-10-years-240424007129,"amazon redshift, sql, docker, cloud, unix shell scripting, git, postgresql, spark"
Lead - Python Developer,Synechron,Bengaluru,https://www.naukri.com/job-listings-lead-python-developer-synechron-bengaluru-6-to-8-years-230424500660,"Computer science, Usage, neo4j, Manager Technology, Equity, Programming, Technology solutions, Management"
Python Developer,LAKSH HUMAN RESOURCE,Mumbai,https://www.timesjobs.com/job-detail/python-developer-laksh-human-resource-mumbai-1-to-3-yrs-jobid-RKSM8fSxDI5zpSvf__PLUS__uAgZw==&source=srp,"rest  ,  python  ,  django  ,  git"
Python Developer,SEVEN CONSULTANCY,"Navi Mumbai,  Mumbai,  Thane",https://www.timesjobs.com/job-detail/python-developer-seven-consultancy-navi-mumbai-mumbai-thane-1-to-3-yrs-jobid-q7SLJni4N__PLUS__lzpSvf__PLUS__uAgZw==&source=srp,"rest  ,  python  ,  storage"
Python Developer,SEVEN CONSULTANCY,"Navi Mumbai,  Mumbai",https://www.timesjobs.com/job-detail/python-developer-seven-consultancy-navi-mumbai-mumbai-4-to-7-yrs-jobid-0G31Tk__PLUS__cdIVzpSvf__PLUS__uAgZw==&source=srp,"python  ,  mvc  ,  sql"
Python Developer,LAKSH HUMAN RESOURCE,Mumbai,https://www.timesjobs.com/job-detail/python-developer-laksh-human-resource-mumbai-1-to-3-yrs-jobid-lcbCfP6ryjlzpSvf__PLUS__uAgZw==&source=srp,"rest  ,  python  ,  django  ,  git"
Python Developer,art technology and software india pvt ltd,Cochin/ Kochi/ Ernakulam,https://www.timesjobs.com/job-detail/python-developer-art-technology-and-software-india-pvt-ltd-cochin-kochi-ernakulam-2-to-3-yrs-jobid-PZysTKsb8rVzpSvf__PLUS__uAgZw==&source=srp,"rest  ,  python  ,  database  ,  django  ,  api"
PYTHON DEVELOPER,DREAMAJAX TECHNOLOGIES,Bengaluru / Bangalore,https://www.timesjobs.com/job-detail/python-developer-dreamajax-technologies-bengaluru-bangalore-4-to-7-yrs-jobid-7uoeegYC6RZzpSvf__PLUS__uAgZw==&source=srp,"python  ,  django  ,  api  ,  sql  ,  nosql"
PYTHON Developer,INFINITY GROUP,Noida/Greater Noida,https://www.timesjobs.com/job-detail/python-developer-infinity-group-noida-greater-noida-2-to-5-yrs-jobid-IIBWCUb2zLtzpSvf__PLUS__uAgZw==&source=srp,"python  ,  css  ,  django  ,  html  ,  bootstrap"
Python Developer,Datagrid Solutions,Mumbai,https://www.timesjobs.com/job-detail/python-developer-datagrid-solutions-mumbai-2-to-3-yrs-jobid-N84nwwbteV9zpSvf__PLUS__uAgZw==&source=srp,"python  ,  database  ,  django  ,  mysql  ,  api"
Python Developer,art technology and software india pvt ltd,Cochin/ Kochi/ Ernakulam,https://www.timesjobs.com/job-detail/python-developer-art-technology-and-software-india-pvt-ltd-cochin-kochi-ernakulam-2-to-3-yrs-jobid-dt7xm5__PLUS__70YNzpSvf__PLUS__uAgZw==&source=srp,"rest  ,  python  ,  database  ,  django  ,  api"
PYTHON DEVELOPER,DREAMAJAX TECHNOLOGIES,Bengaluru / Bangalore,https://www.timesjobs.com/job-detail/python-developer-dreamajax-technologies-bengaluru-bangalore-4-to-7-yrs-jobid-Hs4abto1XwBzpSvf__PLUS__uAgZw==&source=srp,"python  ,  django  ,  api  ,  sql  ,  nosql"
PYTHON Developer,INFINITY GROUP,Noida/Greater Noida,https://www.timesjobs.com/job-detail/python-developer-infinity-group-noida-greater-noida-2-to-5-yrs-jobid-RFW1cJjYuEBzpSvf__PLUS__uAgZw==&source=srp,"python  ,  css  ,  django  ,  html  ,  bootstrap"
Python Developer,zenga tv,Gurgaon,https://www.timesjobs.com/job-detail/python-developer-zenga-tv-gurgaon-2-to-5-yrs-jobid-wV__PLUS__8zsbW__SLASH__E1zpSvf__PLUS__uAgZw==&source=srp,"python  ,  django  ,  html5  ,  javascript"
Python Developer,Analytics Vidhya,Gurgaon,https://www.timesjobs.com/job-detail/python-developer-analytics-vidhya-gurgaon-5-to-8-yrs-jobid-XxotZ18sd0JzpSvf__PLUS__uAgZw==&source=srp,"python  ,  css  ,  html5  ,  html  ,  ajax  ,  javascript"
Python Developer,InnOvator Web Solutions Pvt.Ltd.,Mumbai,https://www.timesjobs.com/job-detail/python-developer-innovator-web-solutions-pvt-ltd-mumbai-5-to-8-yrs-jobid-zt0kWC6Gh6ZzpSvf__PLUS__uAgZw==&source=srp,"rest  ,  python  ,  django  ,  web developer  ,  mysql  ,  api"
Python Developer,Wing Global IT Services,Panchkula,https://www.timesjobs.com/job-detail/python-developer-wing-global-it-services-panchkula-2-to-5-yrs-jobid-__SLASH__9PIvTgiEtNzpSvf__PLUS__uAgZw==&source=srp,"spring boot  ,  python  ,  java  ,  django  ,  jpa  ,  hibernate"
Python Developer,day1 technologies,Bengaluru / Bangalore,https://www.timesjobs.com/job-detail/python-developer-day1-technologies-bengaluru-bangalore-2-to-3-yrs-jobid-GaslVOx9dJtzpSvf__PLUS__uAgZw==&source=srp,"rest  ,  python  ,  django  ,  git  ,  postgresql  ,  sql  ,  docker"
Python Developer,Han Digital Solution  ( P )  Ltd.,Bengaluru / Bangalore,https://www.timesjobs.com/job-detail/python-developer-han-digital-solution-p-ltd-bengaluru-bangalore-3-to-6-yrs-jobid-pRLDEFFVYnJzpSvf__PLUS__uAgZw==&source=srp,"python  ,  github  ,  sql  ,  nosql  ,  django  ,  api"
Python Developer,SEVEN CONSULTANCY,Hyderabad/Secunderabad,https://www.timesjobs.com/job-detail/python-developer-seven-consultancy-hyderabad-secunderabad-0-to-3-yrs-jobid-x27Eyt0qzwNzpSvf__PLUS__uAgZw==&source=srp,"rest  ,  python  ,  web developer  ,  storage  ,  software developer"
Python Developer,SEVEN CONSULTANCY,Surat,https://www.timesjobs.com/job-detail/python-developer-seven-consultancy-surat-9-to-12-yrs-jobid-azMtMMTqiV9zpSvf__PLUS__uAgZw==&source=srp,"Python programming  ,  programming language  ,  front-end developer"
Python Developer,websharan infotech,Pune,https://www.timesjobs.com/job-detail/python-developer-websharan-infotech-pune-0-to-3-yrs-jobid-wz9RE3ThWOFzpSvf__PLUS__uAgZw==&source=srp,"python  ,  problem solving  ,  software project  ,  software engineering"
Python Developer,epixel software pvt ltd,"Delhi,  Delhi/NCR",https://www.timesjobs.com/job-detail/python-developer-epixel-software-pvt-ltd-delhi-delhi-ncr-1-to-3-yrs-jobid-XUB5iT7tEDFzpSvf__PLUS__uAgZw==&source=srp,"python  ,  css  ,  javascript  ,  django  ,  postgresql  ,  html  ,  mysql"
Python Developer,xonier technologies pvt ltd,Noida/Greater Noida,https://www.timesjobs.com/job-detail/python-developer-xonier-technologies-pvt-ltd-noida-greater-noida-2-to-5-yrs-jobid-znr88RYcL8FzpSvf__PLUS__uAgZw==&source=srp,"python  ,  django  ,  testing tools  ,  debugging  ,  storage"
Python Developer,young minds technology solutions pvt ltd,Tirupati,https://www.timesjobs.com/job-detail/python-developer-young-minds-technology-solutions-pvt-ltd-tirupati-0-to-3-yrs-jobid-CvErZkX__PLUS__W5ZzpSvf__PLUS__uAgZw==&source=srp,"python  ,  html5  ,  storage  ,  javascript  ,  security  ,  django"
Python Developer,DealsCorner,Ahmedabad,https://www.timesjobs.com/job-detail/python-developer-dealscorner-ahmedabad-1-to-4-yrs-jobid-s__PLUS__qi__SLASH__K9NUZtzpSvf__PLUS__uAgZw==&source=srp,"python  ,  css  ,  oops  ,  linux  ,  debugging  ,  html  ,  javascript"
Python Developer,Parahit Technologies Limited,Delhi,https://www.timesjobs.com/job-detail/python-developer-parahit-technologies-limited-delhi-0-to-3-yrs-jobid-ghvv3ZXK__SLASH__DJzpSvf__PLUS__uAgZw==&source=srp,"python  ,  django  ,  json  ,  html  ,  ajax  ,  javascript"
